Site;Category
facebook.com;Social Networks
yahoo.com;Web Portals
live.com;Search Engines
wikipedia.org;Dictionaries & Encyclopedias
msn.com;Web Portals
microsoft.com;Software
blogspot.com;Blogging Resources & Services
baidu.com;Web Portals
qq.com;Email & Messaging
mozilla.com;Internet Clients & Browsers
sina.com.cn;Web Portals
wordpress.com;Blogging Resources & Services
bing.com;Search Engines
adobe.com;Programming
163.com;Web Portals
taobao.com;Shopping
soso.com;Entertainment
twitter.com;Email & Messaging
youku.com;Video Clips & Movie Downloads
ask.com;Search Engines
sohu.com;Web Portals
amazon.com;Shopping
windows.com;Windows
ebay.com;Auctions
yahoo.co.jp;Web Portals
myspace.com;Social Networks
apple.com;Mac
tudou.com;Photo & Video Sharing
conduit.com;Advertising & Marketing
hotmail.com;Email & Messaging
flickr.com;Photo & Video Sharing
photobucket.com;Photo & Video Sharing
tianya.cn;Online Communities
about.com;How-To & Expert Content
cnet.com;Technology News
hao123.com;Online Directories
iefxz.com;
xunlei.com;TV Programs
paypal.com;Merchant Services & Payment Systems
rapidshare.com;File Sharing & Hosting
go.com;Web Portals
fc2.com;Blogging Resources & Services
bbc.co.uk;News & Current Events
imdb.com;Movies
orkut.com;Social Networks
sogou.com;Web Portals
56.com;Multimedia Content
aol.com;Web Portals
craigslist.org;Classifieds
rakuten.co.jp;Shopping Portals & Search Engines
imageshack.us;File Sharing & Hosting
ku6.com;Multimedia Content
blogger.com;Blogging Resources & Services
goo.ne.jp;Web Services
ifeng.com;News & Current Events
linkedin.com;Social Networks
yandex.ru;Search Engines
mail.ru;Email & Messaging
partypoker.com;Cards & Casino Games
megaupload.com;File Sharing & Hosting
answers.com;Dictionaries & Encyclopedias
alibaba.com;Management & Corporate Operations
hi5.com;Social Networks
cnn.com;News & Current Events
amazon.co.jp;Shopping Portals & Search Engines
4shared.com;File Sharing & Hosting
ameblo.jp;Blogging Resources & Services
gougou.com;Web Services
skype.com;VOIP & Internet Telephony
renren.com;Social Networks
dailymotion.com;Video Clips & Movie Downloads
naver.com;Search Engines
weather.com;Weather
mozilla.org;Internet Clients & Browsers
mediafire.com;File Sharing & Hosting
bit.ly;File Sharing & Hosting
hp.com;Educational Resources
livedoor.jp;Blogging Resources & Services
ehow.com;How-To & Expert Content
nifty.com;ISPs
vkontakte.ru;Social Networks
alipay.com;Banking & Personal Finance
nytimes.com;Newspapers
overture.com;Search Engines
sourceforge.net;Open Source
fbcdn.net;Language Study & Translation
xtendmedia.com;Web Design & Development
xinhuanet.com;News & Current Events
wikimedia.org;Dictionaries & Encyclopedias
pconline.com.cn;Mobile Phones
daum.net;Online Communities
4399.com;Online Games
bankofamerica.com;Banking & Personal Finance
ebay.de;Auctions
uol.com.br;Web Portals
filestube.com;File Sharing & Hosting
zol.com.cn;Hardware
mop.com;Roleplaying Games
alexa.com;Search Engine Optimization & Marketing
biglobe.ne.jp;Web Portals
brothersoft.com;Software
scribd.com;E-Books
softonic.com;Computers & Electronics
mapquest.com;Maps & Geography
dell.com;Forum & Chat Providers
people.com.cn;Entertainment
kaixin001.com;Web Services
geocities.jp;Web Hosting & Domain Registration
ebay.co.uk;Auctions
hatena.ne.jp;Blogging Resources & Services
seesaa.net;Search Engines
badoo.com;Social Networks
megavideo.com;Video Clips & Movie Downloads
126.com;Programming
paipai.com;Auctions
avg.com;Antivirus & Malware
pps.tv;Video Clips & Movie Downloads
odnoklassniki.ru;Personals
free.fr;ISPs
mywebsearch.com;Social Networks
infoseek.co.jp;Web Portals
zynga.com;Online Games
depositfiles.com;File Sharing & Hosting
metacafe.com;Video Clips & Movie Downloads
chase.com;Banking & Personal Finance
thepiratebay.org;File Sharing & Hosting
kakaku.com;Shopping Portals & Search Engines
cctv.com;TV
optmd.com;Personals
hotfile.com;File Sharing & Hosting
com.com;Technology News
ning.com;Social Networks
ocn.ne.jp;ISPs
vk.com;Search Engines
game2.com.cn;Porn
youdao.com;Photo & Video Software
getpersonas.com;Internet Clients & Browsers
tripadvisor.com;Hotels & Accommodations
nate.com;Web Portals
livejournal.com;Blogging Resources & Services
soufun.com;Real Estate
zedo.com;E-Commerce
browserchoice.eu;Internet Clients & Browsers
thefreedictionary.com;Dictionaries & Encyclopedias
2ch.net;Email & Messaging
tinypic.com;Photo & Video Sharing
java.com;Java
narod.ru;Blogging Resources & Services
xici.net;Online Communities
walmart.com;Food Retailers
114la.com;Online Directories
joy.cn;Movies
addthis.com;Java
globo.com;News & Current Events
360.cn;Comics & Animation
cocolog-nifty.com;Web Services
netflix.com;Movie Rentals & Sales
target.com;Mass Merchants & Department Stores
58.com;Classifieds
cyworld.com;Web Portals
unionsky.cn;Online Goodies
tom.com;Web Portals
amazon.de;Book Retailers
netlog.com;Social Networks
amazon.co.uk;Book Retailers
reference.com;Dictionaries & Encyclopedias
douban.com;Social Networks
eastmoney.com;Finance & Insurance
livedoor.com;Web Portals
hexun.com;Investing
liveperson.net;Apparel
7k7k.com;Online Games
miniclip.com;Online Games
so-net.ne.jp;ISPs
39.net;Health
nih.gov;Medical Literature & Resources
sakura.ne.jp;Web Hosting & Domain Registration
rambler.ru;Web Portals
reuters.com;News & Current Events
kugou.com;Movies
mixi.jp;Social Networks
terra.com.br;Lyrics & Tabs
tripod.com;Web Hosting & Domain Registration
mcafee.com;Antivirus & Malware
att.com;Service Providers
weather.com.cn;Weather
tagged.com;Social Networks
atpanel.com;Shopping
2345.com;Hotels & Accommodations
zing.vn;ERP
exblog.jp;Blogging Resources & Services
chinamobile.com;Service Providers
expedia.com;Air Travel
ameba.jp;Blogging Resources & Services
tinyurl.com;Web Services
chinanews.com.cn;News & Current Events
1stwebgame.com;
commentcamarche.net;Computers & Electronics
allabout.co.jp;Cooking & Recipes
taringa.net;Entertainment
nicovideo.jp;Video Clips & Movie Downloads
domaintools.com;Web Hosting & Domain Registration
jugem.jp;Blogging Resources & Services
excite.co.jp;Web Portals
autohome.com.cn;Automotive
typepad.com;Blogging Resources & Services
ezinearticles.com;Dictionaries & Encyclopedias
shopping.com;Footwear
deviantart.com;Visual Arts
gstatic.com;
marketgid.com;Shopping
ikea.com;Home Furnishings
yomiuri.co.jp;Newspapers
maktoob.com;Web Portals
web.de;Entertainment
informharry.com;
alimama.com;Advertising & Marketing
ynet.com;Olympics & International Competitions
softpedia.com;Software
china.com;Web Portals
6.cn;Video Clips & Movie Downloads
5599.net;Social Networks
cntv.cn;TV Networks
booking.com;Greece
orange.fr;Service Providers
advmaker.ru;
verycd.com;File Sharing & Hosting
multiply.com;Blogging Resources & Services
comcast.net;Online Games
ioage.com;Computers & Electronics
skycn.com;Cooking & Recipes
libero.it;Web Portals
onet.pl;Web Portals
rediff.com;Web Portals
americanexpress.com;Credit Cards
dailymail.co.uk;Newspapers
alot.com;Online Goodies
nasza-klasa.pl;Social Networks
pchome.net;Computers & Electronics
51job.com;Jobs
okwave.jp;Forum & Chat Providers
70yx.com;Online Games
rakuten.ne.jp;Shopping Portals & Search Engines
nikkeibp.co.jp;News Networks
mlb.com;Baseball
huffingtonpost.com;Liberal Sites & Organizations
bestbuy.com;Consumer Electronics
freelotto.com;Lotto & Sweepstakes
yahoo.net;Online Journals & Personal Sites
docstoc.com;Forms Guides & Templates
csdn.net;Programming
digg.com;News & Current Events
macromedia.com;Audio & Multimedia
tumblr.com;
twitpic.com;Audio & Multimedia
impress.co.jp;Technology News
foxsports.com;Sports
wikia.com;Dictionaries & Encyclopedias
t-online.de;Service Providers
verizonwireless.com;Phone Service Providers
justin.tv;Multimedia Content
ups.com;Couriers & Messengers
wp.pl;Web Portals
docin.com;Advertising & Marketing
pdfqueen.com;Test Preparation
dangdang.com;Book Retailers
focus.cn;Dictionaries & Encyclopedias
nextag.com;Price Comparisons
ziddu.com;File Sharing & Hosting
hubpages.com;How-To & Expert Content
kioskea.net;Operating Systems
babylon.com;Language Study & Translation
last.fm;Music Streams & Downloads
wellsfargo.com;Banking & Personal Finance
gmx.net;Social Networks
friendster.com;Social Networks
wsj.com;Newspapers
slideshare.net;Photo & Video Sharing
foxnews.com;News Networks
ganji.com;Classifieds
iza.ne.jp;News Networks
51.com;Social Networks
metrolyrics.com;Lyrics & Tabs
yesky.com;Computers & Electronics
usps.com;Couriers & Messengers
alisoft.com;Advertising & Marketing
mainichi.jp;Newspapers
irs.gov;Accounting & Tax
bigpoint.com;Online Games
china.com.cn;Internet
iciba.com;Language Study & Translation
hulu.com;Video Clips & Movie Downloads
gmarket.co.kr;Shopping
tabelog.com;Restaurants
gamespot.com;Video Games
symantec.com;Antivirus & Malware
nokia.com;Mobile Phones
pcpop.com;Hardware
dion.ne.jp;ISPs
torrentz.com;File Sharing & Hosting
pptv.com;Movies
telegraph.co.uk;Newspapers
duowan.com;Online Games
joins.com;Lifestyles
wordreference.com;Language Study & Translation
peeplo.com;Search Engines
ign.com;Video Games
huanqiu.com;News & Current Events
aweber.com;Email & Messaging
guardian.co.uk;Newspapers
samsung.com;Televisions
skyrock.com;Radio
sun.com;Java
the2009.cn;
musica.com;Lyrics & Tabs
icq.com;Forum & Chat Providers
allegro.pl;Auctions
virgilio.it;Search Engines
nhk.or.jp;TV Networks
linekong.com;Online Games
hudong.com;Web Services
comcast.com;Cable & Satellite Providers
pcauto.com.cn;Automotive
sponichi.co.jp;Sports
isohunt.com;File Sharing & Hosting
springerlink.com;Educational Resources
traviangames.com;Online Games
zimbio.com;Entertainment
robtex.com;Development Tools
wretch.cc;Local
japanpost.jp;Freight & Trucking
onlinedown.net;Software
godaddy.com;Web Hosting & Domain Registration
vimeo.com;Photo & Video Sharing
qidian.com;Fan Fiction
mapion.co.jp;Japan
washingtonpost.com;Newspapers
118114.cn;Restaurants
ieaddons.com;Central & Eastern Europe
rockyou.com;MySpace Codes & Graphics
wikimapia.org;Maps & Geography
jiayuan.com;Matrimonial Services
sanspo.com;Newspapers
whitepages.com;Industries
yelp.com;Restaurants
real.com;Audio & Multimedia
bizrate.com;Price Comparisons
formspring.me;Cards & Greetings
amazon.cn;Book Retailers
hc360.com;E-Commerce
17173.com;Cheats & Hints
ineedfile.com;Hacking & Cracking
360buy.com;Mobile Phones
8684.cn;Traffic & Public Transit
pplive.com;TV
over-blog.com;Blogging Resources & Services
baixaki.com.br;File Sharing & Hosting
beemp3.com;Music
cnzz.com;Web Stats & Analytics
usatoday.com;Newspapers
yahooapis.com;Mass Merchants & Department Stores
tenpay.com;Merchant Services & Payment Systems
asahi.com;Newspapers
surveymonkey.com;Internet Software
21cn.com;Web Portals
nba.com;Basketball
informer.com;Software
intuit.com;USA
sparkstudios.com;
letitbit.net;File Sharing & Hosting
plala.or.jp;Web Hosting & Domain Registration
homedepot.com;Home Improvement
ctrip.com;Travel
opera.com;Mobile & Wireless
37cs.com;
jiji.com;Newspapers
ucoz.ru;Web Design & Development
webmd.com;Medical Literature & Resources
sonico.com;Social Networks
avast.com;Antivirus & Malware
linternaute.com;Social Networks
letv.com;Entertainment
ip138.com;Online Directories
careerbuilder.com;Jobs
ibm.com;Computers & Electronics
associatedcontent.com;How-To & Expert Content
gnavi.co.jp;Restaurants
rincondelvago.com;Education
indiatimes.com;Newspapers
ddmap.com;Regional Content
veoh.com;Video Clips & Movie Downloads
dtiblog.com;Blogging Resources & Services
zylom.com;Online Games
monografias.com;Educational Resources
auction.co.kr;Price Comparisons
fedex.com;Couriers & Messengers
liveinternet.ru;Online Directories
koubei.com;Rental Listings & Referrals
leboncoin.fr;Vehicle Shopping
game2.cn;Flash Content
suite101.com;How-To & Expert Content
squidoo.com;Blogging Resources & Services
teacup.com;Forum & Chat Providers
windowslive.com;Email & Messaging
addictinggames.com;Online Games
filehippo.com;Software
sdo.com;Online Games
shld.net;
ustream.tv;TV
tistory.com;Blogging Resources & Services
115.com;Search Engines
liutilities.com;Antivirus & Malware
jalan.net;Hotels & Accommodations
webs.com;Internet Software
naqigs.com;
ccb.com.cn;Banking & Personal Finance
it168.com;Computers & Electronics
etology.com;Language Study & Translation
everesttech.net;
intelius.com;Search Engines
sina.com;Web Portals
pomoho.com;Video Clips & Movie Downloads
serving-sys.com;Advertising & Marketing
sciencedirect.com;Science
ccbill.com;Merchant Services & Payment Systems
incredimail.com;Email & Messaging
capitalone.com;Banking & Personal Finance
yellowpages.com;Business & Personal Listings
geocities.co.jp;Web Hosting & Domain Registration
ebay.it;Programming
glispa.com;Home Improvement
hotels.com;Hotels & Accommodations
opendns.com;Web Hosting & Domain Registration
engadget.com;Technology News
chosun.com;Newspapers
y8.com;Online Games
ourtoolbar.com;Internet Clients & Browsers
oricon.co.jp;Health Conditions
downloadhelper.net;Audio & Multimedia
oyunlar1.com;Online Games
vector.co.jp;Software
cmbchina.com;Banking & Personal Finance
farmville.com;Crafts
120ask.com;Reproductive Health
chip.de;Computers & Electronics
atwiki.jp;Blogging Resources & Services
zhaopin.com;Jobs
unkar.org;Forum & Chat Providers
freeonlinegames.com;Online Games
wordpress.org;Blogging Resources & Services
latimes.com;Newspapers
fotolog.com;Photo & Video Sharing
fastbrowsersearch.com;Video Clips & Movie Downloads
mp3raid.com;Music Streams & Downloads
pagesjaunes.fr;Online Directories
boston.com;Newspapers
mobile.de;Vehicle Shopping
webry.info;Government & Regulatory Bodies
5d6d.com;Forum & Chat Providers
aufeminin.com;Women's Interests
wikihow.com;Dating & Relationships
11st.co.kr;Science Fiction & Fantasy Films
yaplog.jp;Blogging Resources & Services
passport.net;Email & Messaging
merriam-webster.com;Dictionaries & Encyclopedias
itmedia.co.jp;Technology News
cookpad.com;Food & Drink
mercadolivre.com.br;Car Stereo
tu.tv;Photo & Video Sharing
wauee.com;
priceline.com;Travel
zshare.net;File Sharing & Hosting
cooliris.com;Blogging Resources & Services
qunar.com;Air Travel
ryanair.com;Air Travel
interia.pl;Web Portals
ig.com.br;Local News
monster.com;Jobs
archive.org;Programming
alice.it;Entertainment
xinmin.cn;Newspapers
fixya.com;Tech Support
nikkansports.com;Sports
funshion.com;Movies
vnet.cn;Web Portals
sears.com;Home Appliances
bild.de;Gossip & Tabloids
ebay.fr;Auctions
iminent.com;Email & Messaging
uploading.com;File Sharing & Hosting
baofeng.com;Audio & Multimedia
1ting.com;Music
macys.com;Mass Merchants & Department Stores
kuwo.cn;
bitauto.com;Vehicle Shopping
tiexue.net;Military
mpnrs.com;
nowdownloadall.com;E-Books
southwest.com;Air Travel
ce.cn;Business News
in.com;Investing
allrecipes.com;Cooking & Recipes
novoteka.ru;Politics
travelocity.com;Travel
people.com;Celebrities
timesonline.co.uk;Newspapers
dealtime.com;Price Comparisons
ticketmaster.com;Ticket Sales
mtv.com;Music
gazeta.pl;Newspapers
bin-layer.de;
9wee.com;Mass Merchants & Department Stores
donga.com;Newspapers
lowes.com;Home Improvement
fanpop.com;Social Networks
cnxad.com;Search Engine Optimization & Marketing
angelfire.com;Web Hosting & Domain Registration
blackberry.com;Mobile & Wireless
01net.com;Technology News
wunderground.com;Weather
news.cn;News & Current Events
linksynergy.com;Affiliate Programs
sapo.pt;Newspapers
deviantart.net;Restaurants
nydailynews.com;News Networks
mtime.com;Movies
univision.com;Latinos & Latin-Americans
sfr.fr;Service Providers
winamp.com;Audio & Multimedia
webshots.com;Photo & Video Sharing
enet.com.cn;Computers & Electronics
made-in-china.com;Manufacturing
constantcontact.com;Email & Messaging
examiner.com;News & Current Events
pandora.tv;Entertainment
abril.com.br;Magazines
indeed.com;Jobs
overstock.com;Shopping
xywy.com;Health
gizmodo.com;Computers & Electronics
wiktionary.org;Dictionaries & Encyclopedias
shinobi.jp;Web Hosting & Domain Registration
pandora.com;Music Streams & Downloads
dianping.com;Restaurants
repubblica.it;Wine
360doc.com;Social Science
duote.com;Software
176.com;Online Games
intel.com;Chips & Processors
accountonline.com;Merchant Services & Payment Systems
aibang.com;Regional Content
altervista.org;Online Communities
rapid-downloads.com;
xe.com;Currencies & Foreign Exchange
pixnet.net;Food & Drink
wareseeker.com;Software
ebuddy.com;Email & Messaging
radikal.ru;Photo & Video Sharing
webgame.com.cn;Video Games
jcpenney.com;Apparel
armorgames.com;Online Games
information.com;Arts & Humanities
downloadcave.com;Geology
orbitz.com;Air Travel
ca.gov;Government & Regulatory Bodies
zaycev.net;Mobile & Wireless
imvu.com;Email & Messaging
rian.ru;News & Current Events
usagc.org;Visa & Immigration
metroflog.com;Social Networks
medicinenet.com;Medical Literature & Resources
classmates.com;K-12
windowsmedia.com;Music Streams & Downloads
detik.com;Indonesia
mk.co.kr;Business
microsofttranslator.com;Language Study & Translation
verizon.net;Online Games
cartoonnetwork.com;Cartoons
mt.co.kr;Investing
fangeye.com;
rr.com;ISPs
fresheye.com;News & Current Events
sweetim.com;Online Goodies
stumbleupon.com;Web Services
myvideo.de;Photo & Video
hotpepper.jp;Restaurants
pcgames.com.cn;Online Games
costco.com;Mass Merchants & Department Stores
uploaded.to;Web Hosting & Domain Registration
xiaonei.com;Social Networks
24h.com.vn;Vietnam
cncmax.cn;Web Portals
mafiawars.com;Roleplaying Games
priceminister.com;Price Comparisons
w3.org;Web Design & Development
nhaccuatui.com;Music
vnexpress.net;Vietnam
foxnetworks.com;Web Design & Development
freakshare.net;File Sharing & Hosting
rutracker.org;Video Clips & Movie Downloads
elmundo.es;News & Current Events
torrentreactor.net;File Sharing & Hosting
best-price.com;Price Comparisons
nasa.gov;Astronomy
mdinfo.com;Health
limewire.com;File Sharing & Hosting
wer-kennt-wen.de;Social Networks
nikkei.com;Newspapers
51seer.com;Video Games
gap.com;Clothing Retailers
wiley.com;Rental Listings & Referrals
time.com;Magazines
elsevier.com;Science
howstuffworks.com;How-To & Expert Content
agame.com;Online Games
che168.com;Automotive
corriere.it;Newspapers
xorg.pl;Web Hosting & Domain Registration
wachovia.com;Banking & Personal Finance
thesun.co.uk;Newspapers
girlsgogames.com;Video Games
piriform.com;Software Utilities
chinaren.com;Clubs & Nightlife
rbc.ru;Banking & Personal Finance
spiegel.de;Magazines
tbs.co.jp;TV
europa.eu;Government & Regulatory Bodies
btjunkie.org;File Sharing & Hosting
vancl.com;Apparel
citibank.com;Credit Cards
clubpenguin.com;Cheats & Hints
verizon.com;Service Providers
forbes.com;Business News
huanlang.com;
delta.com;Air Travel
sky.com;Marketing Services
nikkei.co.jp;Newspapers
norton.com;Antivirus & Malware
rapid4me.com;File Sharing & Hosting
seznam.cz;Internet
zoosk.com;Personals
jstor.org;History
19lou.com;Forum & Chat Providers
juegos.com;Video Games
easyjet.com;Air Travel
hyves.nl;Social Networks
cbsnews.com;News Networks
yoka.com;Apparel
mylife.com;Personals
jrj.com.cn;Investing
xmarks.com;Internet Clients & Browsers
businessweek.com;Business
partypoker.it;Cards & Casino Games
shop-pro.jp;Web Services
taleo.net;Jobs
dantri.com.vn;Vietnam
ovi.com;Mobile Phones
pcworld.com;Computers & Electronics
xcar.com.cn;Automotive
chinaz.com;Search Engines
nike.com;Footwear
ya.ru;Search Engines
picnik.com;Photo & Video Software
pchome.com.tw;Web Portals
with2.net;Online Communities
pogo.com;Online Games
fanbox.com;Sports
95599.cn;Banking & Personal Finance
evite.com;Cards & Greetings
159game.com;
hankooki.com;Business
stayfriends.de;Social Networks
mozilla-europe.org;Internet Software
gutefrage.net;Educational Resources
logmein.com;Computer Security
break.com;Humor & Bizarre
paran.com;Web Portals
mercadolibre.com.mx;Shopping Portals & Search Engines
wrzuta.pl;Multimedia Content
blogcu.com;Blogging Resources & Services
winzip.com;Software Utilities
bahn.de;Bus & Rail
topshareware.com;Software
acer.com;Western Europe
mynet.com;News & Current Events
urbandictionary.com;Dictionaries & Encyclopedias
sanook.com;Web Portals
rayfile.com;File Sharing & Hosting
usenet.nl;Forum & Chat Providers
encyclopedia.com;Dictionaries & Encyclopedias
imagevenue.com;Photo & Video Sharing
qip.ru;Programming
discovery.com;TV Networks
yam.com;Web Portals
265.com;Online Directories
mashable.com;Technology News
me.com;Social Networks
yandex.ua;Real Estate
foodnetwork.com;Cooking & Recipes
freewebs.com;Web Hosting & Domain Registration
sonyericsson.com;Mobile Phones
61.com;Online Games
articlesbase.com;Educational Resources
ct10000.com;Service Providers
mufg.jp;Banking & Personal Finance
xrea.com;Web Services
chinacars.com;Automotive
cri.cn;News & Current Events
movies-links.tv;Movies
match.com;Dating & Relationships
blogbus.com;Blogging Resources & Services
livescore.com;Soccer
zhcw.com;Lotto & Sweepstakes
ebay.com.au;Auctions
istockphoto.com;Stock Photography
speedtest.net;Web Stats & Analytics
windowslivehelp.com;Email & Messaging
sprint.com;Service Providers
superpages.com;Business & Personal Listings
infospace.com;Search Engines
accuweather.com;Weather
doctissimo.fr;Health
openv.com;Video Clips & Movie Downloads
msn.com.cn;Travel
t-mobile.com;Mobile Phones
tuenti.com;Social Networks
tmz.com;Celebrities
otto.de;Mass Merchants & Department Stores
gemius.pl;Demographics
shoplocal.com;Shopping Portals & Search Engines
barnesandnoble.com;Book Retailers
pclady.com.cn;Beauty & Personal Care
ninemsn.com.au;Web Portals
wanfangdata.com.cn;Computers & Electronics
51fswd.com;Online Games
programas-gratis.net;Computers & Electronics
pronto.com;Price Comparisons
baixing.com;Classifieds
worldstarhiphop.com;Urban & Hip-Hop
yahoo.com.tw;Shopping Portals & Search Engines
cnki.com.cn;Magazines
w3schools.com;Web Design & Development
unlimited-downloads.biz;
qq163.com;Music
carview.co.jp;Automotive
zjol.com.cn;Local News
bebo.com;Social Networks
delicious.com;Business Schools & Training
hinet.net;Online Games
buzzle.com;News & Current Events
schuelervz.net;Social Networks
nationalgeographic.com;Magazines
local.com;Search Engines
tv.com;TV Programs
kaskus.us;Indonesia
etsy.com;Crafts
eastday.com;Military
shumenol.com;Astrology & Divination
sendspace.com;File Sharing & Hosting
citysearch.com;Restaurants
zaobao.com;News & Current Events
ed.gov;Education
irctc.co.in;Vacation Destinations
downtr.net;Software
laredoute.fr;Apparel
playstation.com;Video Games
elpais.com;Newspapers
utorrent.com;File Sharing & Hosting
blogmura.com;Blogging Resources & Services
mapbar.com;China
readnovel.com;E-Books
m1905.com;TV Networks
marriott.com;Hotels & Accommodations
popeater.com;TV Programs
jsoftj.com;Computers & Electronics
tweetmeme.com;Disasters
hm.com;Business
travelzoo.com;Air Travel
torrentdownloads.net;File Sharing & Hosting
izlesene.com;Video Clips & Movie Downloads
studivz.net;Social Networks
hilton.com;Hotels & Accommodations
vietbao.vn;Music
kayak.com;Travel
zappos.com;Footwear
realtor.com;Rental Listings & Referrals
oadz.com;
123people.com;Online Directories
abchina.com;Banking & Personal Finance
hurra.com;Internet
slide.com;MySpace Codes & Graphics
allexperts.com;How-To & Expert Content
aa.com;Air Travel
uuu9.com;Online Games
symantecstore.com;Antivirus & Malware
cricinfo.com;Cricket
52pk.com;Online Games
go2000.com;Web Services
searchignite.com;
chinadaily.com.cn;China
newegg.com;Computers & Electronics
timeanddate.com;Time & Calendars
direct.gov.uk;United Kingdom
pctools.com;Antivirus & Malware
27.cn;Beauty & Personal Care
tgbus.com;Video Games
fc2web.com;Web Hosting & Domain Registration
mozdev.org;Internet Clients & Browsers
marca.com;Sports
udn.com;Blogging Resources & Services
amazon.fr;Book Retailers
weblio.jp;Dictionaries & Encyclopedias
changyou.com;Online Games
daily.co.jp;Sports
thefind.com;Shopping Portals & Search Engines
nttdocomo.co.jp;Mobile Phones
kohls.com;Mass Merchants & Department Stores
walkerplus.com;Japan
babycenter.com;Baby Care
ow.ly;File Sharing & Hosting
webgame188.com;
toocle.com;E-Commerce
webcrawler.com;Search Engines
stackoverflow.com;Music
ekolay.net;Web Portals
kuronekoyamato.co.jp;Freight & Trucking
vzw.com;Phone Service Providers
buzznet.com;Blogging Resources & Services
wetter.com;Weather
dospy.com;Mobile & Wireless
fidelity.com;Investing
gismeteo.ru;Weather
ft.com;Business Schools & Training
freedownloadscenter.com;Software
smarter.co.jp;Shopping Portals & Search Engines
bidders.co.jp;Auctions
tesco.com;Food Retailers
azlyrics.com;Lyrics & Tabs
legacy.com;Obituaries
tf1.fr;TV
nhl.com;Hockey
mycom.co.jp;Technology News
rtl.de;TV Programs
hankyung.com;Newspapers
edeng.cn;Classifieds
immobilienscout24.de;Legal
gigazine.net;News & Current Events
marketwatch.com;Business News
xuite.net;Web Hosting & Domain Registration
techcrunch.com;Computers & Electronics
inowdownload.com;Movies
kooora.com;Football
zdnet.com;Computers & Electronics
causes.com;Medical Literature & Resources
imagebam.com;Photo & Video Sharing
thesaurus.com;Dictionaries & Encyclopedias
boc.cn;Banking & Personal Finance
kapook.com;Web Portals
argos.co.uk;Shopping Portals & Search Engines
kp.ru;Newspapers
uniblue.com;Software
boosj.com;Video Clips & Movie Downloads
meebo.com;Email & Messaging
redtram.com;News & Current Events
qianlong.com;News & Current Events
top100.cn;Music
ancestry.com;Genealogy
pricegrabber.com;Price Comparisons
pkr.com;Cards & Casino Games
php.net;Programming
ea.com;Online Games
rutube.ru;Video Clips & Movie Downloads
qingdaonews.com;Web Portals
sbs.co.kr;Flash Content
shvoong.com;Educational Resources
ilike.com;Music Streams & Downloads
kaspersky.com;Antivirus & Malware
bigfishgames.com;Online Games
xing.com;Social Networks
taotao.com;Online Goodies
sing365.com;Lyrics & Tabs
51mole.com;Online Games
tweetphoto.com;Photo & Video Sharing
bloomberg.com;Business News
newhua.com;Software Utilities
2000y.net;Rock & Pop
asiae.co.kr;Movies
aolnews.com;Email & Messaging
bdr130.net;Religion & Spirituality
picktorrent.com;File Sharing & Hosting
pixmania.com;Price Comparisons
wired.com;Technology News
juchang.com;Movies
vatgia.com;Vietnam
divx.com;Audio & Multimedia
ana.co.jp;Air Travel
fandango.com;Movies
seoul.co.kr;Entertainment
appspot.com;Video Games
fetion.com.cn;Forum & Chat Providers
bandoo.com;Email & Messaging
city-data.com;Demographics
wisegeek.com;Educational Resources
ocnk.net;Web Services
hunantv.com;TV
kijiji.ca;Classifieds
cnki.net;Education
panasonic.jp;Consumer Electronics
allocine.fr;Movies
chinahr.com;Jobs
emagister.com;Distance Learning
manta.com;Business Services & Consulting
rayli.com.cn;Beauty & Personal Care
asahi-net.or.jp;ISPs
dreamstime.com;Stock Photography
lastminute.com;Hotels & Accommodations
nick.com;Cartoons
deezer.com;Music Streams & Downloads
bohelady.com;Parenting & Family
esmas.com;Web Portals
vente-privee.com;Shopping Portals & Search Engines
lyricsmode.com;Lyrics & Tabs
findarticles.com;News & Current Events
47news.jp;News Networks
staples.com;Office Supplies
songs.pk;Bollywood & Lollywood
bomb-mp3.com;Music
cqvip.com;Science
autoscout24.de;Vehicle Shopping
victoriassecret.com;Lingerie & Undergarments
acrobat.com;Software
national-lottery.co.uk;Lotto & Sweepstakes
mayoclinic.com;Medical Literature & Resources
zillow.com;Real Estate
onemanga.com;Anime & Manga
playsushi.com;Online Games
answerbag.com;How-To & Expert Content
ukr.net;Online Goodies
citicards.com;Credit Cards
kaixin.com;TV Programs
ju51.com;Homemaking & Interior Decor
kbs.co.kr;TV
toysrus.com;Toys
freshwap.net;File Sharing & Hosting
vertor.com;File Sharing & Hosting
mahalo.com;Search Engines
hurriyet.com.tr;Newspapers
mercadolibre.com.ar;Shopping Portals & Search Engines
bearshare.com;File Sharing & Hosting
zdface.com;Apparel
shangdu.com;Local News
barbie.com;Toys
interpark.com;Shopping
mizuhobank.co.jp;Lotto & Sweepstakes
hotwire.com;Air Travel
kompas.com;Indonesia
1link.ru;Merchant Services & Payment Systems
rising.com.cn;Antivirus & Malware
blurtit.com;How-To & Expert Content
newgrounds.com;Flash Content
mundoanuncio.com;Classifieds
marktplaats.nl;Classifieds
ringtonematcher.com;
goal.com;Soccer
xs8.cn;E-Books
mthai.com;Web Portals
clarin.com;Newspapers
openoffice.org;Business & Productivity
ciao.de;Consumer Affairs & Product Reviews
jal.co.jp;Air Travel
lyrics007.com;Lyrics & Tabs
ovguide.com;Video Clips & Movie Downloads
ultimate-guitar.com;Lyrics & Tabs
mobile01.com;Mobile Phones
vdisk.cn;Software Utilities
buy.com;Shopping Portals & Search Engines
computerbild.de;Computers & Electronics
usgs.gov;Geology
te3p.com;Online Directories
cooks.com;Cooking & Recipes
mcssl.com;Computers & Electronics
reverso.net;Language Study & Translation
merchantcircle.com;Marketing Services
tiancity.com;Online Games
dropbox.com;Myth & Folklore
yfrog.com;Photo & Video Sharing
tiscali.it;Web Portals
xbox.com;Video Games
easy-share.com;Language Study & Translation
autotrader.com;Vehicle Shopping
gotomeeting.com;Teleconferencing
download-gate.com;Lyrics & Tabs
nfl.com;Football
experts-exchange.com;Tech Support
cool.ne.jp;Web Hosting & Domain Registration
fx120.net;Health Conditions
ntv.co.jp;TV Networks
meinvz.net;Social Networks
king.com;Online Games
virginmedia.com;Entertainment
Site;Category
